{
  "IcoMoonType": "selection",
  "icons": [
    {
      "icon": {
        "paths": [
          "M658.744 749.256l-210.744-210.746v-282.51h128v229.49l173.256 173.254zM512 0c-282.77 0-512 229.23-512 512s229.23 512 512 512 512-229.23 512-512-229.23-512-512-512zM512 896c-212.078 0-384-171.922-384-384s171.922-384 384-384c212.078 0 384 171.922 384 384s-171.922 384-384 384z"
        ],
        "tags": [
          "clock",
          "time",
          "schedule"
        ],
        "defaultCode": 59726,
        "grid": 16,
        "attrs": []
      },
      "attrs": [],
      "properties": {
        "ligatures": "clock, time2",
        "name": "clock",
        "order": 9,
        "id": 79,
        "prevSize": 32,
        "code": 59726
      },
      "setIdx": 0,
      "setId": 1,
      "iconIdx": 78
    },
    {
      "icon": {
        "paths": [
          "M992.262 871.396l-242.552-206.294c-25.074-22.566-51.89-32.926-73.552-31.926 57.256-67.068 91.842-154.078 91.842-249.176 0-212.078-171.922-384-384-384-212.076 0-384 171.922-384 384s171.922 384 384 384c95.098 0 182.108-34.586 249.176-91.844-1 21.662 9.36 48.478 31.926 73.552l206.294 242.552c35.322 39.246 93.022 42.554 128.22 7.356s31.892-92.898-7.354-128.22zM384 640c-141.384 0-256-114.616-256-256s114.616-256 256-256 256 114.616 256 256-114.614 256-256 256z"
        ],
        "tags": [
          "search",
          "magnifier",
          "magnifying-glass",
          "inspect",
          "find"
        ],
        "defaultCode": 59782,
        "grid": 16,
        "attrs": []
      },
      "attrs": [],
      "properties": {
        "ligatures": "search, magnifier",
        "name": "search",
        "order": 3,
        "id": 135,
        "prevSize": 32,
        "code": 59782
      },
      "setIdx": 0,
      "setId": 1,
      "iconIdx": 134
    },
    {
      "icon": {
        "paths": [
          "M992 384h-352v-352c0-17.672-14.328-32-32-32h-192c-17.672 0-32 14.328-32 32v352h-352c-17.672 0-32 14.328-32 32v192c0 17.672 14.328 32 32 32h352v352c0 17.672 14.328 32 32 32h192c17.672 0 32-14.328 32-32v-352h352c17.672 0 32-14.328 32-32v-192c0-17.672-14.328-32-32-32z"
        ],
        "tags": [
          "plus",
          "add",
          "sum"
        ],
        "defaultCode": 59914,
        "grid": 16,
        "attrs": []
      },
      "attrs": [],
      "properties": {
        "ligatures": "plus, add",
        "name": "plus",
        "order": 12,
        "id": 267,
        "prevSize": 32,
        "code": 59914
      },
      "setIdx": 0,
      "setId": 1,
      "iconIdx": 266
    },
    {
      "icon": {
        "paths": [
          "M1014.662 822.66c-0.004-0.004-0.008-0.008-0.012-0.010l-310.644-310.65 310.644-310.65c0.004-0.004 0.008-0.006 0.012-0.010 3.344-3.346 5.762-7.254 7.312-11.416 4.246-11.376 1.824-24.682-7.324-33.83l-146.746-146.746c-9.148-9.146-22.45-11.566-33.828-7.32-4.16 1.55-8.070 3.968-11.418 7.31 0 0.004-0.004 0.006-0.008 0.010l-310.648 310.652-310.648-310.65c-0.004-0.004-0.006-0.006-0.010-0.010-3.346-3.342-7.254-5.76-11.414-7.31-11.38-4.248-24.682-1.826-33.83 7.32l-146.748 146.748c-9.148 9.148-11.568 22.452-7.322 33.828 1.552 4.16 3.97 8.072 7.312 11.416 0.004 0.002 0.006 0.006 0.010 0.010l310.65 310.648-310.65 310.652c-0.002 0.004-0.006 0.006-0.008 0.010-3.342 3.346-5.76 7.254-7.314 11.414-4.248 11.376-1.826 24.682 7.322 33.83l146.748 146.746c9.15 9.148 22.452 11.568 33.83 7.322 4.16-1.552 8.070-3.97 11.416-7.312 0.002-0.004 0.006-0.006 0.010-0.010l310.648-310.65 310.648 310.65c0.004 0.002 0.008 0.006 0.012 0.008 3.348 3.344 7.254 5.762 11.414 7.314 11.378 4.246 24.684 1.826 33.828-7.322l146.746-146.748c9.148-9.148 11.57-22.454 7.324-33.83-1.552-4.16-3.97-8.068-7.314-11.414z"
        ],
        "tags": [
          "cross",
          "cancel",
          "close",
          "quit",
          "remove"
        ],
        "defaultCode": 59919,
        "grid": 16,
        "attrs": []
      },
      "attrs": [],
      "properties": {
        "ligatures": "cross, cancel",
        "name": "cross",
        "order": 13,
        "id": 272,
        "prevSize": 32,
        "code": 59919
      },
      "setIdx": 0,
      "setId": 1,
      "iconIdx": 271
    },
    {
      "icon": {
        "paths": [
          "M864 128l-480 480-224-224-160 160 384 384 640-640z"
        ],
        "tags": [
          "checkmark",
          "tick",
          "correct",
          "accept",
          "ok"
        ],
        "defaultCode": 59920,
        "grid": 16,
        "attrs": []
      },
      "attrs": [],
      "properties": {
        "ligatures": "checkmark, tick",
        "name": "checkmark",
        "order": 6,
        "id": 273,
        "prevSize": 32,
        "code": 59920
      },
      "setIdx": 0,
      "setId": 1,
      "iconIdx": 272
    },
    {
      "icon": {
        "paths": [
          "M512 0c-282.77 0-512 229.23-512 512s229.23 512 512 512 512-229.23 512-512-229.23-512-512-512zM512 928c-229.75 0-416-186.25-416-416s186.25-416 416-416 416 186.25 416 416-186.25 416-416 416z",
          "M354.744 706.744l90.512 90.512 285.254-285.256-285.256-285.254-90.508 90.508 194.744 194.746z"
        ],
        "tags": [
          "circle-right",
          "right",
          "circle-next",
          "arrow"
        ],
        "defaultCode": 59970,
        "grid": 16,
        "attrs": []
      },
      "attrs": [],
      "properties": {
        "ligatures": "circle-right, right5",
        "name": "circle-right",
        "order": 14,
        "id": 323,
        "prevSize": 32,
        "code": 59970
      },
      "setIdx": 0,
      "setId": 1,
      "iconIdx": 322
    },
    {
      "icon": {
        "paths": [
          "M896 0h-768c-70.4 0-128 57.6-128 128v768c0 70.4 57.6 128 128 128h768c70.4 0 128-57.6 128-128v-768c0-70.4-57.6-128-128-128zM448 794.51l-237.254-237.256 90.51-90.508 146.744 146.744 306.746-306.746 90.508 90.51-397.254 397.256z"
        ],
        "tags": [
          "checkbox-checked",
          "checkbox",
          "tick",
          "checked",
          "selected"
        ],
        "defaultCode": 59986,
        "grid": 16,
        "attrs": []
      },
      "attrs": [],
      "properties": {
        "ligatures": "checkbox-checked, checkbox",
        "name": "checkbox-checked",
        "order": 11,
        "id": 339,
        "prevSize": 32,
        "code": 59986
      },
      "setIdx": 0,
      "setId": 1,
      "iconIdx": 338
    },
    {
      "icon": {
        "paths": [
          "M896 0h-768c-70.4 0-128 57.6-128 128v768c0 70.4 57.6 128 128 128h768c70.4 0 128-57.6 128-128v-768c0-70.4-57.6-128-128-128zM896 896h-768v-768h768v768z"
        ],
        "tags": [
          "checkbox-unchecked",
          "checkbox",
          "unchecked",
          "square"
        ],
        "defaultCode": 59987,
        "grid": 16,
        "attrs": []
      },
      "attrs": [],
      "properties": {
        "ligatures": "checkbox-unchecked, checkbox2",
        "name": "checkbox-unchecked",
        "order": 10,
        "id": 340,
        "prevSize": 32,
        "code": 59987
      },
      "setIdx": 0,
      "setId": 1,
      "iconIdx": 339
    }
  ],
  "height": 1024,
  "metadata": {
    "name": "icomoon"
  },
  "preferences": {
    "showGlyphs": true,
    "showQuickUse": true,
    "showQuickUse2": true,
    "showSVGs": true,
    "fontPref": {
      "prefix": "icon-",
      "metadata": {
        "fontFamily": "icomoon"
      },
      "metrics": {
        "emSize": 1024,
        "baseline": 6.25,
        "whitespace": 50
      },
      "embed": false
    },
    "imagePref": {
      "prefix": "icon-",
      "png": true,
      "useClassSelector": true,
      "color": 0,
      "bgColor": 16777215,
      "classSelector": ".icon"
    },
    "historySize": 50,
    "showCodes": true,
    "gridSize": 16
  }
}